type,gene,coding,protein,tissue_type,tumor_type,tier,comment
snp,AKT1,c.49G>A,p.Glu17Lys,Lung,Adenocarcinoma,2,
snp,AKT1,c.49G>A,p.Glu17Lys,Colon,Adenocarcinoma,2,
snp,BRAF,c.1799T>A,p.Val600Glu,Any,Melanoma,1,
snp,BRAF,c.1801A>G,p.Lys601Glu,Any,Melanoma,1,
mnp,BRAF,c.1799_1800delTGinsAA,p.Val600Glu,Any,Melanoma,1,
snp,BRAF,c.1799T>A,p.Val600Glu,Colon,Adenocarcinoma,1,
snp,BRAF,c.1799T>A,p.Val600Glu,Brain,Papillary Craniopharyngioma,1,
mnp,BRAF,c.1798_1799delGTinsAA,p.Val600Lys,Any,Melanoma,1,
snp,BRAF,c.1406G>A,p.Gly469Glu,Any,Melanoma,1,
snp,BRAF,c.1799T>A,p.Val600Glu,Brain,Glioblastoma ,2,
snp,BRAF,c.1799T>A,p.Val600Glu,Lung,Adenocarcinoma,2,
snp,BRAF,c.1397G>A,p.Gly466Glu,Any,Melanoma,2,
mnp,BRAF,c.1798_1799delGTinsAG,p.Val600Arg,Any,Melanoma,1,
snp,BRAF,c.1799T>A,p.Val600Glu,Any,Langerhans Cell Histiocytosis,1,
snp,BRAF,c.1799T>A,p.Val600Glu,Thyroid,Papillary Carcinoma,1,
snp,CDK4,c.70C>T,p.Arg24Cys,Any,Melanoma,2,
snp,CTNNB1,c.98C>T,p.Ser33Phe,Colon,Adenocarcinoma,2,
snp,CTNNB1,c.98C>A,p.Ser33Tyr,Lung ,Adenocarcinoma,2,
snp,CTNNB1,c.95A>G,p.Asp32Gly,Lung ,Adenocarcinoma,2,
snp,CTNNB1,c.95A>C,p.Asp32Ala,Lung,Adenocarcinoma,2,
snp,CTNNB1,c.97T>C,p.Ser33Pro,Brain,Adamantinomatous Craniopharyngioma,1,
snp,CTNNB1,c.97T>C,p.Ser33Pro,Any,Melanoma,2,
snp,CTNNB1,c.94G>C,p.Asp32His,Any,Melanoma,2,
snp,CTNNB1,c.110C>T,p.Ser37Phe,Lung,Adenocarcinoma,2,
snp,CTNNB1,c.121A>G,p.Thr41Ala,Lung,Adenocarcinoma,2,
snp,CTNNB1,c.110C>A,p.Ser37Tyr,Lung,Adenocarcinoma,2,
snp,CTNNB1,c.98C>T,p.Ser33Phe,Any,Melanoma,2,
snp,CTNNB1,c.121A>G,p.Thr41Ala,Colon,Adenocarcinoma,2,
snp,CTNNB1,c.98C>G,p.Ser33Cys,Soft Tissue,Myoepithelial tumor,2,
snp,CTNNB1,c.98C>G,p.Ser33Cys,Soft Tissue,Desmoid,1,
snp,CTNNB1,c.98C>G,p.Ser33Cys,Soft Tissue,Fibromatosis,1,
snp,EGFR,c.323G>A,p.Arg108Lys,Brain,Glioblastoma ,1,
snp,EGFR,c.2369C>T,p.Thr790Met,Lung ,Adenocarcinoma,1,
snp,EGFR,c.2573T>G,p.Leu858Arg,Lung ,Adenocarcinoma,1,
snp,EGFR,c.866C>T,p.Ala289Val,Brain,High Grade Glioma,1,
del,EGFR,c.2235_2249delGGAATTAAGAGAAGC,p.Glu746_Ala750del,Lung ,Adenocarcinoma,1,
del,EGFR,c.2236_2250delGAATTAAGAGAAGCA,p.Glu746_Ala750del,Lung ,Adenocarcinoma,1,
snp,EGFR,c.1793G>T,p.Gly598Val,Brain,Glioblastoma ,1,
ins,EGFR,c.2311_2312insGCGTGGACA,p.Ala767_Ser768insSerValAsp,Lung ,Adenocarcinoma,1,
snp,EGFR,c.2126A>C,p.Glu709Ala,Lung ,Adenocarcinoma,1,
snp,EGFR,c.2582T>G,p.Leu861Arg,Lung ,Adenocarcinoma,1,
snp,EGFR,c.2156G>C,p.Gly719Ala,Lung,Adenocarcinoma,1,
snp,EGFR,c.2582T>A,p.Leu861Gln,Lung,Adenocarcinoma,1,
complex,EGFR,c.2239_2248delTTAAGAGAAGinsC,p.Leu747_Ala750delinsPro,Lung,Adenocarcinoma,1,
snp,EGFR,c.865G>A,p.Ala289Thr,Brain,Glioblastoma ,1,
snp,ERBB2,c.2305G>T,p.Asp769Tyr,Colon,Adenocarcinoma,2,
ins,ERBB2,c.2339_2340insGGGCTCCCC,p.Val777_Gly778insGlySerPro,Lung,Adenocarcinoma,2,
ins,ERBB2,c.2324_2325insATACGTGATGGC,p.Glu770_Ala771insAlaTyrValMet,Lung,Adenocarcinoma,2,
snp,ERBB2,c.2329G>T,p.Val777Leu,Breast,Adenocarcinoma,2,
snp,ERBB3,c.310G>A,p.Val104Met,Colon,Adenocarcinoma,3,
snp,ERBB4,c.2131C>T,p.Arg711Cys,Any,Malignant Peripheral Nerve Sheathe Tumor,3,
snp,ERBB4,c.2131C>T,p.Arg711Cys,Any,Melanoma,3,
snp,GNA11,c.626A>T,p.Gln209Leu,Uvea,Melanoma,1,
snp,GNA11,c.548G>A,p.Arg183His,Brain,Glioblastoma ,3,
snp,GNAQ,c.626A>T,p.Gln209Leu,Any,Melanoma,1,
snp,GNAQ,c.626A>C,p.Gln209Pro,Any,Melanoma,1,
snp,IDH1,c.395G>A,p.Arg132His,Brain,Glioma,1,
snp,IDH1,c.395G>A,p.Arg132His,Brain,Oligodendroglioma,1,
snp,IDH1,c.395G>A,p.Arg132His,Brain,Astrocytoma,1,
snp,IDH1,c.395G>A,p.Arg132His,Brain,Glioblastoma ,1,
snp,IDH1,c.394C>T,p.Arg132Cys,Colon,Adenocarcinoma,2,
snp,IDH1,c.394C>G,p.Arg132Gly,Brain,Glioblastoma ,1,
snp,IDH2,c.515G>A,p.Arg172Lys,Brain,Neuroepithelial Tumor,1,
mnp,IDH2,c.515_516delGGinsAA,p.Arg172Lys,Any,Melanoma,2,
snp,IDH2,c.419G>A,p.Arg140Gln,Lung,Adenocarcinoma,2,
snp,IDH2,c.515G>A,p.Arg172Lys,Brain,Oligodendroglioma,1,
snp,JAK2,c.1849G>T,p.Val617Phe,Colon,Adenocarcinoma,1,look for MPN
snp,JAK2,c.1849G>T,p.Val617Phe,Lung,Adenocarcinoma,1,look for MPN
snp,KIT,c.1961T>C,p.Val654Ala,Any,Gastrointestinal Stromal Tumor,1,
del,KIT,c.1676_1684delTTGTTGAGG,p.Val559_Glu561del,Any,Gastrointestinal Stromal Tumor,1,
snp,KIT,c.1727T>C,p.Leu576Pro,Any,Melanoma,1,
snp,KRAS,c.38G>A,p.Gly13Asp,Colon,Adenocarcinoma,1,
snp,KRAS,c.35G>A,p.Gly12Asp,Any,Melanoma,2,
snp,KRAS,c.35G>T,p.Gly12Val,Pancreas,Adenocarcinoma,1,
snp,KRAS,c.182A>T,p.Gln61Leu,Small intestine,Adenocarcinoma,1,
snp,KRAS,c.183A>C,p.Gln61His,Any,Acute Myeloid Leukemia,1,
snp,KRAS,c.35G>C,p.Gly12Ala,Lung,Any,2,
snp,KRAS,c.34G>T,p.Gly12Cys,Lung,Any,2,
mnp,KRAS,c.34_35delGGinsTT,p.Gly12Phe,Lung,Any,2,
mnp,KRAS,c.180_181delTCinsAA,p.Gln61Lys,Lung,Any,2,
mnp,KRAS,c.37_38delGGinsCT,p.Gly13Leu,Lung,Any,2,
snp,KRAS,c.37G>C,p.Gly13Arg,Lung,Any,2,
snp,KRAS,c.175G>A,p.Ala59Thr,Lung,Any,2,
snp,KRAS,c.34G>C,p.Gly12Arg,Lung,Any,2,
snp,MET,c.3029C>T,p.Thr1010Ile,All,Any,3,
snp,MTOR,c.5395G>A,p.Glu1799Lys,Brain,Glioblastoma ,2,
snp,NRAS,c.181C>A,p.Gln61Lys,Colon,Adenocarcinoma,1,
snp,NRAS,c.182A>G,p.Gln61Arg,Lung,Adenocarcinoma,2,
snp,NRAS,c.183A>T,p.Gln61His,Thyroid,Any,1,
snp,NRAS,c.182A>T,p.Gln61Leu,Any,Acute Myeloid Leukemia,1,
snp,NRAS,c.35G>A,p.Gly12Asp,Any,Melanoma,1,
snp,PIK3CA,c.278G>A,p.Arg93Gln,Any,Any,2,
snp,PIK3CA,c.1636C>G,p.Gln546Glu,Any,Any,2,
snp,PIK3CA,c.1030G>A,p.Val344Met,Any,Any,2,
snp,PIK3CA,c.3062A>G,p.Tyr1021Cys,Any,Any,2,
mnp,PIK3CA,c.317_318delGCinsCG,p.Gly106Ala,Any,Any,2,
snp,PIK3CA,c.1633G>A,p.Glu545Lys,Any,Any,2,
snp,PIK3CA,c.311C>T,p.Pro104Leu,Any,Any,2,
snp,PIK3CA,c.3140A>G,p.His1047Arg,Any,Any,2,
snp,PIK3CA,c.263G>A,p.Arg88Gln,Any,Any,2,
snp,PIK3CA,c.1624G>A,p.Glu542Lys,Any,Any,2,
snp,PIK3CA,c.1258T>C,p.Cys420Arg,Any,Any,2,
snp,PIK3CA,c.323G>A,p.Arg108His,Any,Any,2,
snp,PIK3CA,c.3129G>A,p.Met1043Ile,Any,Any,2,
snp,PIK3CA,c.113G>A,p.Arg38His,Any,Any,2,
snp,RAF1,c.770C>T,p.Ser257Leu,Lung,Adenocarcinoma,2,